Workbook

Sheet Dashboard
A1: TRAINING OPERATIONS DASHBOARD
A2: Training Tracker & KPI Metrics
A5: =COUNTIFS('Training Tracker'!B7:B200, "Completed") & " out of " & COUNTA('Training Tracker'!A7:A200) -> 12 out of 19 | C5: IN PROGRESS: | F5: SYSTEM ACCESS: | J5: Day 1 - 6 Progress: | M5: OVERDUE TASKS: | R5: READYNESS STATUS:
D7: =COUNTIFS('Training Tracker'!B7:B200, "In Progress") -> 5 | F7: =COUNTIFS('Systems Access'!B2:B200,TRUE,'Systems Access'!D2:D200,"<>True")/COUNTIFS('Systems Access'!D2:D200,"<>True",'Systems Access'!A2:A200,"<>") -> 0.72 | J7: =(COUNTIF('Day One'!C10:C22,TRUE)+COUNTIF('Day Two'!C16:C22,TRUE)+COUNTIF('Day Three'!C16:C20,TRUE)+COUNTIF('Day Four'!C14:C20,TRUE)+COUNTIF('Day Five'!C16:C21,TRUE)+COUNTIF('Day Six'!C16:C21,TRUE))/(COUNTA('Day One'!C10:C22)+COUNTA('Day Two'!C16:C22)+COUNTA('Day Three'!C16:C20)+COUNTA('Day Four'!C14:C20)+COUNTA('Day Five'!C16:C21)+COUNTA('Day Six'!C16:C21)) -> 0.47727273 | M7: =COUNTIFS('Training Tracker'!D7:D200,"<"&TODAY(),'Training Tracker'!B7:B200,"<>Completed",'Training Tracker'!A7:A200,"<>") -> 7 | R7: =IF(AND(Z37>=85%,Z38>=90%,Z39>=85%,Z40<=2),"READY",IF(AND(Z37>=70%,Z38>=75%,Z39>=70%),"IN PROGRESS","Further Training Needed")) -> Further Training Needed
A11: TRAINING TRACKER SNAPSHOT | I11: DAY ONE - SIX ONBOARDING PROGRESS
A12: TASK | C12: STATUS | E12: PRIORTY | G12: DUE DATE
A13: {=IFERROR(INDEX('Training Tracker'!$A7:$A200,ROWS($A13:A13)),"")} -> TASK 1 | C13: {=IFERROR(INDEX('Training Tracker'!$B7:$B200,ROWS($C13:C13)),"")} -> Not Started | E13: {=IFERROR(INDEX('Training Tracker'!$F7:$F200,ROWS(Dashboard!$E13:E13)),"")} -> High | G13: {=IFERROR(INDEX('Training Tracker'!$D7:$D200,ROWS(Dashboard!$G13:G13)),"")} -> 46142
A14: {=IFERROR(INDEX('Training Tracker'!$A8:$A201,ROWS($A14:A14)),"")} -> TASK 2 | C14: {=IFERROR(INDEX('Training Tracker'!$B8:$B201,ROWS($C14:C14)),"")} -> In Progress | E14: {=IFERROR(INDEX('Training Tracker'!$F8:$F201,ROWS(Dashboard!$E14:E14)),"")} -> Low | G14: {=IFERROR(INDEX('Training Tracker'!$D8:$D201,ROWS(Dashboard!$G14:G14)),"")} -> 46132
A15: {=IFERROR(INDEX('Training Tracker'!$A9:$A202,ROWS($A15:A15)),"")} -> TASK 3 | C15: {=IFERROR(INDEX('Training Tracker'!$B9:$B202,ROWS($C15:C15)),"")} -> Completed | E15: {=IFERROR(INDEX('Training Tracker'!$F9:$F202,ROWS(Dashboard!$E15:E15)),"")} -> High | G15: {=IFERROR(INDEX('Training Tracker'!$D9:$D202,ROWS(Dashboard!$G15:G15)),"")} -> 46172
A16: {=IFERROR(INDEX('Training Tracker'!$A10:$A203,ROWS($A16:A16)),"")} -> TASK 4 | C16: {=IFERROR(INDEX('Training Tracker'!$B10:$B203,ROWS($C16:C16)),"")} -> Completed | E16: {=IFERROR(INDEX('Training Tracker'!$F10:$F203,ROWS(Dashboard!$E16:E16)),"")} -> High | G16: {=IFERROR(INDEX('Training Tracker'!$D10:$D203,ROWS(Dashboard!$G16:G16)),"")} -> 46172
A17: {=IFERROR(INDEX('Training Tracker'!$A11:$A204,ROWS($A17:A17)),"")} -> TASK 5 | C17: {=IFERROR(INDEX('Training Tracker'!$B11:$B204,ROWS($C17:C17)),"")} -> In Progress | E17: {=IFERROR(INDEX('Training Tracker'!$F11:$F204,ROWS(Dashboard!$E17:E17)),"")} -> High | G17: {=IFERROR(INDEX('Training Tracker'!$D11:$D204,ROWS(Dashboard!$G17:G17)),"")} -> 46172
A18: {=IFERROR(INDEX('Training Tracker'!$A12:$A205,ROWS($A18:A18)),"")} -> TASK 6 | C18: {=IFERROR(INDEX('Training Tracker'!$B12:$B205,ROWS($C18:C18)),"")} -> Completed | E18: {=IFERROR(INDEX('Training Tracker'!$F12:$F205,ROWS(Dashboard!$E18:E18)),"")} -> Medium | G18: {=IFERROR(INDEX('Training Tracker'!$D12:$D205,ROWS(Dashboard!$G18:G18)),"")} -> 46172
A19: {=IFERROR(INDEX('Training Tracker'!$A13:$A206,ROWS($A19:A19)),"")} -> TASK 7 | C19: {=IFERROR(INDEX('Training Tracker'!$B13:$B206,ROWS($C19:C19)),"")} -> In Progress | E19: {=IFERROR(INDEX('Training Tracker'!$F13:$F206,ROWS(Dashboard!$E19:E19)),"")} -> High | G19: {=IFERROR(INDEX('Training Tracker'!$D13:$D206,ROWS(Dashboard!$G19:G19)),"")} -> 46172
A20: {=IFERROR(INDEX('Training Tracker'!$A14:$A207,ROWS($A20:A20)),"")} -> TASK 8 | C20: {=IFERROR(INDEX('Training Tracker'!$B14:$B207,ROWS($C20:C20)),"")} -> Completed | E20: {=IFERROR(INDEX('Training Tracker'!$F14:$F207,ROWS(Dashboard!$E20:E20)),"")} -> Medium | G20: {=IFERROR(INDEX('Training Tracker'!$D14:$D207,ROWS(Dashboard!$G20:G20)),"")} -> 46172
A21: {=IFERROR(INDEX('Training Tracker'!$A15:$A208,ROWS($A21:A21)),"")} -> TASK 9 | C21: {=IFERROR(INDEX('Training Tracker'!$B15:$B208,ROWS($C21:C21)),"")} -> Completed | E21: {=IFERROR(INDEX('Training Tracker'!$F15:$F208,ROWS(Dashboard!$E21:E21)),"")} -> Medium | G21: {=IFERROR(INDEX('Training Tracker'!$D15:$D208,ROWS(Dashboard!$G21:G21)),"")} -> 46172
A22: {=IFERROR(INDEX('Training Tracker'!$A16:$A209,ROWS($A22:A22)),"")} -> TASK 10 | C22: {=IFERROR(INDEX('Training Tracker'!$B16:$B209,ROWS($C22:C22)),"")} -> In Progress | E22: {=IFERROR(INDEX('Training Tracker'!$F16:$F209,ROWS(Dashboard!$E22:E22)),"")} -> Low | G22: {=IFERROR(INDEX('Training Tracker'!$D16:$D209,ROWS(Dashboard!$G22:G22)),"")} -> 46147
A23: {=IFERROR(INDEX('Training Tracker'!$A17:$A210,ROWS($A23:A23)),"")} -> TASK 11 | C23: {=IFERROR(INDEX('Training Tracker'!$B17:$B210,ROWS($C23:C23)),"")} -> Completed | E23: {=IFERROR(INDEX('Training Tracker'!$F17:$F210,ROWS(Dashboard!$E23:E23)),"")} -> Medium | G23: {=IFERROR(INDEX('Training Tracker'!$D17:$D210,ROWS(Dashboard!$G23:G23)),"")} -> 46172
A24: {=IFERROR(INDEX('Training Tracker'!$A18:$A211,ROWS($A24:A24)),"")} -> TASK 12 | C24: {=IFERROR(INDEX('Training Tracker'!$B18:$B211,ROWS($C24:C24)),"")} -> Not Started | E24: {=IFERROR(INDEX('Training Tracker'!$F18:$F211,ROWS(Dashboard!$E24:E24)),"")} -> Medium | G24: {=IFERROR(INDEX('Training Tracker'!$D18:$D211,ROWS(Dashboard!$G24:G24)),"")} -> 46143
A27: OVERDUE TASKS | G27: NOTES AND ALERTS | M27: READY FOR RELEASE
A28: TASK | C28: DAYS OVERDUE | E28: PRIORTY
A29: {=IFERROR(INDEX(_xlfn._xlws.FILTER('Training Tracker'!A$7:A$200,('Training Tracker'!D$7:D$200<TODAY())*(('Training Tracker'!B$7:B$200="Not Started")+('Training Tracker'!B$7:B$200="In Progress"))),ROWS($A$29:A29)),"")} -> TASK 1 | C29: {=IFERROR(INDEX(_xlfn._xlws.FILTER(TODAY()-'Training Tracker'!D$7:D$200,('Training Tracker'!D$7:D$200<TODAY())*(('Training Tracker'!B$7:B$200="Not Started")+('Training Tracker'!B$7:B$200="In Progress"))),ROWS($C$29:C29)),"")} -> 112 | E29: {=IFERROR(INDEX(_xlfn._xlws.FILTER('Training Tracker'!F$7:F$200,('Training Tracker'!D$7:D$200<TODAY())*(('Training Tracker'!B$7:B$200="Not Started")+('Training Tracker'!B$7:B$200="In Progress"))),ROWS($E$29:E29)),"")} -> High | G29: =IF(Z36<90%,"⚠ "&ROUND((1-Z36)*100,0)&"% of system access is still incomplete. Follow up with IT/Admin.","✓ System access setup is on track.") -> ✓ System access setup is on track. | M29: =Z45 -> JUST GETTING STARTED!
A30: {=IFERROR(INDEX(_xlfn._xlws.FILTER('Training Tracker'!A$7:A$200,('Training Tracker'!D$7:D$200<TODAY())*(('Training Tracker'!B$7:B$200="Not Started")+('Training Tracker'!B$7:B$200="In Progress"))),ROWS($A$29:A30)),"")} -> TASK 2 | C30: {=IFERROR(INDEX(_xlfn._xlws.FILTER(TODAY()-'Training Tracker'!D$7:D$200,('Training Tracker'!D$7:D$200<TODAY())*(('Training Tracker'!B$7:B$200="Not Started")+('Training Tracker'!B$7:B$200="In Progress"))),ROWS($C$29:C30)),"")} -> 122 | E30: {=IFERROR(INDEX(_xlfn._xlws.FILTER('Training Tracker'!F$7:F$200,('Training Tracker'!D$7:D$200<TODAY())*(('Training Tracker'!B$7:B$200="Not Started")+('Training Tracker'!B$7:B$200="In Progress"))),ROWS($E$29:E30)),"")} -> Low
A31: {=IFERROR(INDEX(_xlfn._xlws.FILTER('Training Tracker'!A$7:A$200,('Training Tracker'!D$7:D$200<TODAY())*(('Training Tracker'!B$7:B$200="Not Started")+('Training Tracker'!B$7:B$200="In Progress"))),ROWS($A$29:A31)),"")} -> TASK 5 | C31: {=IFERROR(INDEX(_xlfn._xlws.FILTER(TODAY()-'Training Tracker'!D$7:D$200,('Training Tracker'!D$7:D$200<TODAY())*(('Training Tracker'!B$7:B$200="Not Started")+('Training Tracker'!B$7:B$200="In Progress"))),ROWS($C$29:C31)),"")} -> 82 | E31: {=IFERROR(INDEX(_xlfn._xlws.FILTER('Training Tracker'!F$7:F$200,('Training Tracker'!D$7:D$200<TODAY())*(('Training Tracker'!B$7:B$200="Not Started")+('Training Tracker'!B$7:B$200="In Progress"))),ROWS($E$29:E31)),"")} -> High | G31: =IF(Z43>0,"⚠ "&Z43&" overdue task(s) need immediate attention.","✓ No overdue tasks detected.") -> ⚠ 7 overdue task(s) need immediate attention.
A32: {=IFERROR(INDEX(_xlfn._xlws.FILTER('Training Tracker'!A$7:A$200,('Training Tracker'!D$7:D$200<TODAY())*(('Training Tracker'!B$7:B$200="Not Started")+('Training Tracker'!B$7:B$200="In Progress"))),ROWS($A$29:A32)),"")} -> TASK 7 | C32: {=IFERROR(INDEX(_xlfn._xlws.FILTER(TODAY()-'Training Tracker'!D$7:D$200,('Training Tracker'!D$7:D$200<TODAY())*(('Training Tracker'!B$7:B$200="Not Started")+('Training Tracker'!B$7:B$200="In Progress"))),ROWS($C$29:C32)),"")} -> 82 | E32: {=IFERROR(INDEX(_xlfn._xlws.FILTER('Training Tracker'!F$7:F$200,('Training Tracker'!D$7:D$200<TODAY())*(('Training Tracker'!B$7:B$200="Not Started")+('Training Tracker'!B$7:B$200="In Progress"))),ROWS($E$29:E32)),"")} -> High
A33: {=IFERROR(INDEX(_xlfn._xlws.FILTER('Training Tracker'!A$7:A$200,('Training Tracker'!D$7:D$200<TODAY())*(('Training Tracker'!B$7:B$200="Not Started")+('Training Tracker'!B$7:B$200="In Progress"))),ROWS($A$29:A33)),"")} -> TASK 10 | C33: {=IFERROR(INDEX(_xlfn._xlws.FILTER(TODAY()-'Training Tracker'!D$7:D$200,('Training Tracker'!D$7:D$200<TODAY())*(('Training Tracker'!B$7:B$200="Not Started")+('Training Tracker'!B$7:B$200="In Progress"))),ROWS($C$29:C33)),"")} -> 107 | E33: {=IFERROR(INDEX(_xlfn._xlws.FILTER('Training Tracker'!F$7:F$200,('Training Tracker'!D$7:D$200<TODAY())*(('Training Tracker'!B$7:B$200="Not Started")+('Training Tracker'!B$7:B$200="In Progress"))),ROWS($E$29:E33)),"")} -> Low | G33: =IF(Z38>5,"⚠ Readiness status indicates attention is needed.",IF(Z35>=70%,"✓ Excellent progress! Training milestones are on track.","Keep up the great work! You are making good progress.")) -> Keep up the great work! You are making good progress.
A34: Only tasks past due date and not completed are shown.
Z36: Type
V37: DAY ONE | W37: =COUNTIF('Day One'!C10:C22,TRUE)/(COUNTIF('Day One'!C10:C22,TRUE)+COUNTIF('Day One'!C10:C22,FALSE)) -> 0.53846154 | Z37: =COUNTIF('Training Tracker'!B7:B200,"Completed")/COUNTA('Training Tracker'!A7:A200) -> 0.63157895
V38: DAYTWO | W38: =COUNTIF('Day Two'!C16:C22,TRUE)/(COUNTIF('Day Two'!C16:C22,TRUE)+COUNTIF('Day Two'!C16:C22,FALSE)) -> 0.42857143 | Z38: =COUNTIFS('Systems Access'!B2:B200,TRUE,'Systems Access'!D2:D200,"<>TRUE")/COUNTIFS('Systems Access'!D2:D200,"<>TRUE",'Systems Access'!A2:A200,"<>") -> 0.72
V39: DAY THREE | W39: =COUNTIF('Day Three'!C16:C20,TRUE)/(COUNTIF('Day Three'!C16:C20,TRUE)+COUNTIF('Day Three'!C16:C20,FALSE)) -> 0.4 | Z39: =(COUNTIF('Day One'!C10:C22,TRUE)+COUNTIF('Day Two'!C16:C22,TRUE)+COUNTIF('Day Three'!C16:C20,TRUE)+COUNTIF('Day Four'!C14:C20,TRUE)+COUNTIF('Day Five'!C16:C21,TRUE)+COUNTIF('Day Six'!C16:C21,TRUE))/(COUNTA('Day One'!C10:C22)+COUNTA('Day Two'!C16:C22)+COUNTA('Day Three'!C16:C20)+COUNTA('Day Four'!C14:C20)+COUNTA('Day Five'!C16:C21)+COUNTA('Day Six'!C16:C21)) -> 0.47727273
V40: DAY FOUR | W40: =COUNTIF('Day Four'!C14:C20,TRUE)/(COUNTIF('Day Four'!C14:C20,TRUE)+COUNTIF('Day Four'!C14:C20,FALSE)) -> 0.57142857 | Z40: =COUNTIFS('Training Tracker'!D7:D200,"<"&TODAY(),'Training Tracker'!B7:B200,"<>Completed",'Training Tracker'!A7:A200,"<>") -> 7
V41: DAY FIVE | W41: =COUNTIF('Day Five'!C16:C21,TRUE)/(COUNTIF('Day Five'!C16:C21,TRUE)+COUNTIF('Day Five'!C16:C21,FALSE)) -> 0.5 | Z41: =IF(AND(Z35>=85%,Z36>=90%,Z37>=85%,Z38<=2),"Ready For Work",IF(AND(Z35>=70%,Z36>=75%,Z37>=70%,Z38<=5),"Onboarding Active","Needs Attention")) -> Needs Attention
V42: DAY SIX | W42: =COUNTIF('Day Six'!C16:C21,TRUE)/(COUNTIF('Day Six'!C16:C21,TRUE)+COUNTIF('Day Six'!C16:C21,FALSE)) -> 0.33333333
Z43: =COUNTIFS('Training Tracker'!D7:D200,"<"&TODAY(),'Training Tracker'!B7:B200,"<>Completed",'Training Tracker'!A7:A200,"<>") -> 7
Z45: =IF(AND(COUNTIF('Day Six'!C16:C21,TRUE)=6,'Day Six'!C23=TRUE,COUNTIF('Day Six'!C27:C31,TRUE)=5,COUNTIF('Day Six'!C34:C36,TRUE)=3),"READY FOR RELEASE",IF(COUNTIF('Day Six'!C40:C42,TRUE)>0,"EXTENDED TRAINING","JUST GETTING STARTED!")) -> JUST GETTING STARTED!

Sheet Training Tracker
A1: Training Tracker
A2: Track task progress, completion status, and workflow efficiency.
A4: Trainee: | B4: Jane Doe
A5: Program: | B5: Onboarding
A6: TASK | B6: STATUS | C6: START DATE | D6: DUE DATE | E6: COMPLETION DATE | F6: PRIORITY | G6: NOTES
A7: TASK 1 | B7: Not Started | C7: 46113 | D7: 46142 | F7: High
A8: TASK 2 | B8: In Progress | C8: 46113 | D8: 46132 | F8: Low
A9: TASK 3 | B9: Completed | C9: 46113 | D9: 46172 | E9: 46113 | F9: High
A10: TASK 4 | B10: Completed | C10: 46113 | D10: 46172 | E10: 46113 | F10: High
A11: TASK 5 | B11: In Progress | C11: 46113 | D11: 46172 | F11: High
A12: TASK 6 | B12: Completed | C12: 46113 | D12: 46172 | E12: 46113 | F12: Medium
A13: TASK 7 | B13: In Progress | C13: 46113 | D13: 46172 | F13: High
A14: TASK 8 | B14: Completed | C14: 46113 | D14: 46172 | F14: Medium
A15: TASK 9 | B15: Completed | C15: 46113 | D15: 46172 | F15: Medium
A16: TASK 10 | B16: In Progress | C16: 46113 | D16: 46147 | F16: Low
A17: TASK 11 | B17: Completed | C17: 46113 | D17: 46172 | E17: 46113 | F17: Medium
A18: TASK 12 | B18: Not Started | C18: 46113 | D18: 46143 | F18: Medium
A19: TASK 13 | B19: Completed | C19: 46113 | D19: 46132 | F19: Low
A20: TASK 14 | B20: Completed | C20: 46113 | D20: 46172 | F20: High
A21: TASK 15 | B21: Completed | C21: 46113 | D21: 46172 | E21: 46113 | F21: High
A22: TASK 16 | B22: Completed | C22: 46113 | D22: 46172 | F22: Medium
A23: TASK 17 | B23: Completed | C23: 46113 | D23: 46172 | E23: 46113 | F23: High
A24: TASK 18 | B24: In Progress | C24: 46113 | D24: 46132 | F24: Medium
A25: TASK 19 | B25: Completed | C25: 46113 | D25: 46172 | E25: 46113 | F25: Medium

Sheet Training Overview
A1: Training Tracker
A3: Trainee Name
A4: Job Title
A5: Start Date
A6: Completion Date
A7: Trainer | F7: =COUNTIFS('Systems Access'!B2:B200,TRUE,'Systems Access'!D2:D200,"<>True")/COUNTIFS('Systems Access'!D2:D200,"<>True",'Systems Access'!A2:A200,"<>") -> 0.72
A8: Overall Training Status
A9: Notes
A14: Supervisor Name | B14: Supervisor One
A15: Supervisor Email | B15: supervisorone@unrealemail.com
A16: Supervisor Phone | B16: 111-111-1111
A20: Supervisor Name | B20: Supervisor Two
A21: Supervisor Email | B21: supervisortwo@unrealemail.com
A22: Supervisor Phone | B22: 222-222-2222
A25: Supervisor Name | B25: Supervisor Three
A26: Supervisor Email | B26: supervisorthree@unrealemail.com
A27: Supervisor Phone | B27: 333-333-3333

Sheet Systems Access
A1: Programs | B1: Yes | C1: No | D1: Not Required | E1: Notes
A2: SYSTEM 1 | B2: TRUE | C2: FALSE | D2: FALSE
A3: SYSTEM 2 | B3: TRUE | C3: FALSE | D3: FALSE
A4: SYSTEM 3 | B4: TRUE | C4: FALSE | D4: FALSE
A5: SYSTEM 4 | B5: TRUE | C5: FALSE | D5: FALSE
A6: SYSTEM 5 | B6: TRUE | C6: FALSE | D6: FALSE
A7: SYSTEM 6 | B7: TRUE | C7: FALSE | D7: FALSE | F7: =COUNTIFS('Systems Access'!B2:B200,TRUE,'Systems Access'!D2:D200,"<>True")/COUNTIFS('Systems Access'!D2:D200,"<>True",'Systems Access'!A2:A200,"<>") -> 0.72
A8: SYSTEM 7 | B8: TRUE | C8: FALSE | D8: FALSE
A9: SYSTEM 8 | B9: TRUE | C9: FALSE | D9: FALSE
A10: SYSTEM 9 | B10: TRUE | C10: FALSE | D10: FALSE
A11: SYSTEM 10 | B11: TRUE | C11: FALSE | D11: FALSE
A12: SYSTEM 11 | B12: TRUE | C12: FALSE | D12: FALSE
A13: SYSTEM 12 | B13: TRUE | C13: FALSE | D13: FALSE
A14: SYSTEM 13 | B14: TRUE | C14: FALSE | D14: FALSE
A15: SYSTEM 14 | B15: TRUE | C15: FALSE | D15: FALSE
A16: SYSTEM 15 | B16: TRUE | C16: FALSE | D16: FALSE
A17: SYSTEM 16 | B17: FALSE | C17: FALSE | D17: FALSE
A18: SYSTEM 17 | B18: TRUE | C18: FALSE | D18: FALSE
B19: TRUE | C19: FALSE | D19: FALSE
A20: SYSTEM 19 | B20: TRUE | C20: FALSE | D20: FALSE
A21: SYSTEM 20 | B21: FALSE | C21: FALSE | D21: FALSE
A22: SYSTEM 21 | B22: FALSE | C22: FALSE | D22: FALSE
A23: SYSTEM 22 | B23: FALSE | C23: FALSE | D23: FALSE
A24: SYSTEM 23 | B24: FALSE | C24: FALSE | D24: FALSE
A25: SYSTEM 24 | B25: FALSE | C25: FALSE | D25: FALSE
A26: SYSTEM 25 | B26: FALSE | C26: FALSE | D26: FALSE

Sheet Day One
A1: Weekly Progress – Day One Notes
A3: Primary Focus | B3: Program Access and Role Overview
A4: Key Learning Objectives | B4: Observation, guided practice, and readiness assessment
A5: Trainer Initials
A6: Notes | B6: If, any free time, Team Member should be doing any assigned Modules
A9: DAY ONE TO-DO | B9: Notes | C9: COMPLETION
A10: TOUR | B10: Give Team Member tour of the facility | C10: FALSE
A11: EMAIL SIGNATURE | B11: See Image (image can be copied and sent via email to team member)--> | C11: TRUE
A12: HYBRID OR PERMANENT IN-OFFICE | B12: If Permanent In-Office, assign station- if not, advise on which desks are shared for rotating staff | C12: TRUE
A13: DRAWER NUMBER | B13: Provided By Supervisor | C13: TRUE
A14: LAPTOP | B14: Provided By I.S. Department | C14: TRUE
A15: HEADSET | B15: Provided By I.S. Department | C15: TRUE
A16: TRANSLATION SERVICES | B16: PIN Provided By I.S. Department | C16: TRUE
A17: CREATE TRAINEE FOLDER | B17: Create New Team Member Folder to save training docs Y:\DEPARTMENT\TRAINING\COMPLETED TRAINEE DOCUMENTS | C17: TRUE
A18: FILL OUT TRAINEE CONTACT SHEET | B18: Y:\DEPARTMENT\TRAINING\TRAINER TEMPLATES Fill Out, Provide to Team Member By Email/Print & Save in ^^ | C18: FALSE
A19: TRAINEE PACKETS & LETTERS | B19: Email Entire Folder to Team Member Y:\DEPARTMENT\TRAINING\TRAINEE HOW-TOS & GUIDES | C19: FALSE
A20: WITHIN TRAINEE PACKETS & LETTERS | B20: Print the entre folder titled : "PRINT FOR NEW TEAM MEMBER", TM will have it in their email, but these docs are great to add to binder | C20: FALSE
A21: TRAINEE & TRAINER CALL LISTEN/TAKE CALLS | B21: If Time allows, Have New Team Member listen as you take calls, to start understanding the flow | C21: FALSE
A22: EOD DEBRIEF | B22: Review progress, address questions, and confirm trainee confidence. | C22: FALSE
A26: EOD NOTES:

Sheet Day Two
A1: Weekly Progress – Day Two Notes
A3: Primary Focus | B3: Day-in-the-Life Observation
A4: Key Learning Objectives | B4: Observation, guided practice, and readiness assessment
A5: Systems Used | B5: Per System Access Tracker
A6: Observation Completed | B6: Yes / No
A7: Supported Practice Completed | B7: Yes / No
A8: Independent Task Completed | B8: Yes / No
A9: Trainer Initials
A10: Notes | B10: If, any free time, Team Member should be doing any assigned Modules
A15: DAY TWO TO-DO | B15: Notes | C15: COMPLETION
A16: TEMPERATURE CHECK | B16: Check in with trainee to address questions and review the plan for the day. | C16: TRUE
A17: PROGRAM ACCESS CHECK | B17: If Team Member given new access today, they did not receive on D1, make sure they can access. | C17: TRUE
A18: TRAINEE PACKET & LETTERS | B18: Go over material in these folders to give context to what all could be encountered day-to-day | C18: TRUE
A19: ESCALATION TEAMS FLOW SHEET | B19: Go over escalation flows and what is required each type of escalation | C19: FALSE
A20: MSC QUICK REFERENCE GUIDE | B20: Go over in greater detail the Quick Reference Guide & Training Materials – Detailed Content Inventory, so TM has a greater idea of documents sent and printed for them | C20: FALSE
A21: TRAINEE & TRAINER CALL LISTEN/TAKE CALLS | B21: Day-in-the life training, pausing to explain process, refer to Trainee Quick Reference Guide so TM knows what document to pull in the-moment | C21: FALSE
A22: EOD DEBRIEF | B22: Review progress, address questions, and confirm trainee confidence. | C22: FALSE
A24: IF TEAM MEMBER IS READY
A25: TRAINEE TAKE CALLS, TRAINER NAVIGATE | B25: If Team Member advanced, have them take a couple of calls while trainer navigates | C25: FALSE
A28: EOD NOTES:

Sheet Day Three
A1: Weekly Progress – Day Three
A3: Primary Focus | B3: Guided Call Handling
A4: Key Learning Objectives | B4: Observation, guided practice, and readiness assessment
A5: Systems Used | B5: Per System Access Tracker
A6: Observation Completed | B6: Yes / No
A7: Supported Practice Completed | B7: Yes / No
A8: Independent Task Completed | B8: Yes / No
A9: Trainer Initials
A10: Notes | B10: If, any free time, Team Member should be doing any assigned Modules
A15: DAY THREE TO-DO | C15: COMPLETION
A16: TEMPERATURE CHECK | B16: Check in with trainee to address questions and review the plan for the day. | C16: TRUE
A17: PROGRAM ACCESS CHECK | B17: If Team Member given new access today, they did not receive on D2, make sure they can access. | C17: FALSE
A18: TRAINEE & TRAINOR CALL LISTEN/TAKE CALLS | B18: More Detailed Readiness Training, pausing to explain process, refer to Trainee Quick Reference Guide so TM knows what content pertains | C18: TRUE
A19: TRAINEE TAKE CALLS, TRAINOR NAVIGATE | B19: Second Half of Day should be getting team member used to Conversational Flow of Member Contact Calls | C19: FALSE
A20: EOD DEBRIEF | B20: Review progress, address questions, and confirm trainee confidence. | C20: FALSE
A22: IF TEAM MEMBER IS READY
A23: TRAINEE TAKE CALLS & NAVIGATE | B23: If Team Member advanced, have them take a couple of calls and Navigate while trainer listens & provides feedback | C23: FALSE
A26: EOD NOTES:

Sheet Day Four
A1: Weekly Progress – Day Four
A3: Primary Focus | B3: Independent Navigation with Support
A4: Key Learning Objectives | B4: Observation, guided practice, and readiness assessment
A5: Systems Used | B5: Per System Access Tracker
A6: Observation Completed | B6: Yes / No
A7: Supported Practice Completed | B7: Yes / No
A8: Independent Task Completed | B8: Yes / No
A9: Trainer Initials
A10: Notes | B10: If, any free time, Team Member should be doing any assigned Modules's
A13: DAY FOUR TO-DO | C13: COMPLETION
A14: TEMPERATURE CHECK | B14: Check in with Trainee, any questions or concerns? Go over the Game Plan for the day | C14: TRUE
A15: PROGRAM ACCESS CHECK | B15: If Team Member given new access today, they did not receive on D3, make sure they can access. | C15: TRUE
A16: TRAINEE TAKE CALLS & NAVIGATE | B16: Team Member using their own station, have them take a calls & navigate while trainee listens and provides assistance/feedback | C16: TRUE
A17: FIRST CALL- GLYUE LOGIN | B17: After first call taken ensure team member can access Glyue Connector (see System Access sheet for instruction) | C17: TRUE
A18: TEMPERATURE CHECK | B18: Make sure to check in with Trainee after every call to ensure understanding | C18: FALSE
A19: TRAINEE TAKE CALLS & NAVIGATE | B19: Team Member using their own station, have them take a calls & navigate while trainee listens and provides assistance/feedback | C19: FALSE
A20: EOD DEBRIEF | B20: At the End of the Day, Debreif with Trainee and Make sure they feel confident in the days work, answer any questions. | C20: FALSE
A24: EOD NOTES:

Sheet Day Five
A1: Weekly Progress – Day Five
A3: Primary Focus | B3: MSC Readiness and Resource Independence
A4: Key Learning Objectives | B4: Observation, guided practice, and readiness assessment
A5: Systems Used
A6: Observation Completed | B6: Yes / No
A7: Supported Practice Completed | B7: Yes / No
A8: Independent Task Completed | B8: Yes / No
A9: Trainer Initials
A10: Notes | B10: If, any free time, Team Member should be doing any assigned Modules's
A15: DAY FIVE TO-DO | C15: COMPLETION
A16: TEMPERATURE CHECK | B16: Check in with Trainee, any questions or concerns? Go over the Game Plan for the day | C16: FALSE
A17: PROGRAM ACCESS CHECK | B17: If Team Member given new access today, they did not receive on D4, make sure they can access. | C17: TRUE
A18: TRAINEE TAKE CALLS & NAVIGATE | B18: Team Member using their own station, have them take a calls & navigate while trainee listens and provides assistance/feedback | C18: TRUE
A19: RESOURCE FOCUS | B19: Team Member gets used to using Teams, Email, and Departments for assistance- trainer still hands on but allowing TM to familrize themselves | C19: FALSE
A20: TEMPERATURE CHECK | B20: Make sure to check in with Trainee throughout the day, providing feedback when necessary | C20: TRUE
A21: EOD DEBRIEF | B21: At the End of the Day, Debreif with Trainee and Make sure they feel confident in the days work, answer any questions. | C21: FALSE
A22: IF TEAM MEMBER IS READY
A23: TRAINEE TAKE CALLS & NAVIGATE | B23: Trainer still listens, but allows Team Member to truly navigate and use resources with minimal interference from trainer | C23: FALSE
A26: EOD NOTES:

Sheet Day Six
A1: Weekly Progress – Day Six
A3: Primary Focus | B3: Readiness Assessment and Release Recommendation
A4: Key Learning Objectives | B4: Observation, guided practice, and readiness assessment
A5: Systems Used | B5: Per System Access Tracker
A6: Observation Completed | B6: Yes / No
A7: Supported Practice Completed | B7: Yes / No
A8: Independent Task Completed | B8: Yes / No
A9: Trainer Initials
A10: Notes | B10: If, any free time, Team Member should be doing any assigned Modules's
A15: DAY SIX TO-DO | C15: COMPLETION
A16: TEMPERATURE CHECK | B16: Check in with Trainee, any questions or concerns? Go over plan for the day | C16: TRUE
A17: PROGRAM ACCESS CHECK | B17: Team Member should have and be familiar with all system access | C17: TRUE
A18: TRAINEE TAKE CALLS & NAVIGATE | B18: Trainer is no longer hooked into laptop, but allows Team Member to truly navigate and use resources with minimal interference from trainer | C18: FALSE
A19: OBSERVATIONAL FOCUS | B19: Trainee is observing to determine Team Member Readiness for release from training | C19: FALSE
A20: TEMPERATURE CHECK | B20: Make sure to check in with Trainee to see how they are feeling | C20: FALSE
A21: EOD DEBRIEF | B21: At the End of the Day, Debreif with Trainee and Make sure they feel confident in the days work, answer any questions. | C21: FALSE
A22: TRAINER REQUIRED
A23: FILL OUT PROGRESS REPORT | B23: By EOD fill out Trainee Progress Report with recommendation on if trainee can be released. Submit to Supervisors for review. | C23: FALSE
A25: Release Criteria & Readiness Determination
A26: A team member may be recommended for release from training when the following criteria are met:
A27: Independently manages member calls while using resources appropriately | C27: FALSE
A28: Correctly escalates high-risk items | C28: FALSE
A29: Navigates Systems without step-by-step guidance | C29: FALSE
A30: Communicates clearly and professionally with members and internal teams | C30: FALSE
A31: Demonstrates understanding of policies, procedures, and compliance expectations | C31: FALSE
A33: Release Determination Process:
A34: Trainer completes the Training Progress Report | C34: FALSE
A35: Trainer provides a readiness recommendation | C35: FALSE
A36: Supervisor review and approval required prior to release | C36: FALSE
A38: Extended Training – Not Ready for Release
A39: If a team member is not ready for independent work by the end of Day Six:
A40: Training may be extended based on identified development needs | C40: FALSE
A41: Additional training may include continued observation, supported practice, or targeted coaching | C41: FALSE
A42: Training extensions are determined case-by-case and typically range from one to several additional days | C42: FALSE
A44: Decision Authority:
A45: Trainer provides recommendation | C45: FALSE
A46: Supervisor makes final determination regarding next steps | C46: FALSE
